epoch,iteration,model_best_val_score,model_loss,model_val_score,step,train_dataset_size,val_dataset_size
0.0,0.0,0.13423775136470795,-1.9919413551688194,0.13423775136470795,1,4000.0,1000.0
1.0,0.0,0.023949218913912773,-8.437647014856339,0.023949218913912773,2,4000.0,1000.0
2.0,0.0,0.00519521301612258,-18.697774469852448,0.00519521301612258,3,4000.0,1000.0
3.0,0.0,0.0012787000741809607,-28.014406204223633,0.0014258821029216051,4,4000.0,1000.0
4.0,0.0,0.0007892625872045755,-35.81735646724701,0.0008844449184834957,5,4000.0,1000.0
5.0,0.0,0.00031513808062300086,-42.63661026954651,0.0004918336635455489,6,4000.0,1000.0
6.0,0.0,0.00023951716138981283,-45.22697639465332,0.0003721663961187005,7,4000.0,1000.0
7.0,0.0,0.00020326414960436523,-45.42256450653076,0.00041791918920353055,8,4000.0,1000.0
8.0,0.0,0.00015877600526437163,-44.32468128204346,0.00034628517460078,9,4000.0,1000.0
9.0,0.0,0.0001470266142860055,-45.991557598114014,0.00035177511745132506,10,4000.0,1000.0
10.0,0.0,6.160041084513068e-05,-48.91337847709656,8.75199621077627e-05,11,4000.0,1000.0
11.0,0.0,4.2093532101716846e-05,-49.57848811149597,0.00011449938028817996,12,4000.0,1000.0
12.0,0.0,3.950877726310864e-05,-47.02993845939636,0.00023949725436978042,13,4000.0,1000.0
13.0,0.0,2.7540227165445685e-05,-51.383323192596436,7.37143200240098e-05,14,4000.0,1000.0
14.0,0.0,1.9269686163170263e-05,-50.72198164463043,0.00014601295697502792,15,4000.0,1000.0
15.0,0.0,1.710084870865103e-05,-49.178325176239014,0.00021080470469314605,16,4000.0,1000.0
16.0,0.0,1.503026214777492e-05,-53.633081912994385,6.019910506438464e-05,17,4000.0,1000.0
17.0,0.0,1.2708628673863132e-05,-51.832887172698975,4.64502809336409e-05,18,4000.0,1000.0
18.0,0.0,8.35801984067075e-06,-58.25471353530884,1.553945548948832e-05,19,4000.0,1000.0
19.0,0.0,4.72647570859408e-06,-55.981722354888916,2.4110411686706357e-05,20,4000.0,1000.0
20.0,0.0,3.460066182014998e-06,-54.03826355934143,7.702722359681502e-05,21,4000.0,1000.0
21.0,0.0,3.460066182014998e-06,-57.029289960861206,7.409956742776558e-05,22,4000.0,1000.0
22.0,0.0,3.2034236028266605e-06,-58.24404287338257,2.135595968866255e-05,23,4000.0,1000.0
23.0,0.0,2.5842748527793447e-06,-62.996511936187744,3.0895382224116474e-05,24,4000.0,1000.0
24.0,0.0,2.194686658185674e-06,-60.8644757270813,0.00011369052663212642,25,4000.0,1000.0
25.0,0.0,1.93183109331585e-06,-60.57032012939453,5.5879998399177566e-05,26,4000.0,1000.0
26.0,0.0,1.605442434993165e-06,-64.13963508605957,1.0404700333310757e-05,27,4000.0,1000.0
27.0,0.0,1.3562242884290754e-06,-62.38989543914795,1.2321240319579374e-05,28,4000.0,1000.0
28.0,0.0,1.11349766029889e-06,-57.5179283618927,0.00014923859271220863,29,4000.0,1000.0
29.0,0.0,9.569024541633553e-07,-62.26632022857666,1.91408416867489e-05,30,4000.0,1000.0
30.0,0.0,9.171264423457615e-07,-62.28469157218933,1.4708978596900124e-05,31,4000.0,1000.0
31.0,0.0,8.366672545889742e-07,-65.93979454040527,2.2429312593885697e-06,32,4000.0,1000.0
32.0,0.0,7.473017262782378e-07,-62.931612491607666,6.707639840897173e-05,33,4000.0,1000.0
33.0,0.0,6.227585345186526e-07,-65.48730778694153,3.343776370456908e-06,34,4000.0,1000.0
34.0,0.0,5.918975034546747e-07,-67.61019086837769,1.9595047433540458e-06,35,4000.0,1000.0
35.0,0.0,5.734591468353756e-07,-66.18411827087402,9.252329618902877e-06,36,4000.0,1000.0
36.0,0.0,4.646066713576147e-07,-66.23270654678345,5.362941919884179e-06,37,4000.0,1000.0
37.0,0.0,4.4389884124029777e-07,-67.59485244750977,2.6353651264798827e-05,38,4000.0,1000.0
38.0,0.0,4.260050729953946e-07,-65.63950872421265,1.3331780792213976e-05,39,4000.0,1000.0
39.0,0.0,3.8534923874067317e-07,-66.75640869140625,6.476660200860351e-05,40,4000.0,1000.0
40.0,0.0,3.813771911609365e-07,-65.58357882499695,8.536544555681758e-06,41,4000.0,1000.0
41.0,0.0,3.813771911609365e-07,-67.32106161117554,4.866300514549948e-06,42,4000.0,1000.0
42.0,0.0,3.669639454528806e-07,-64.27110719680786,2.1816113076056354e-05,43,4000.0,1000.0
43.0,0.0,3.518212849940028e-07,-66.76133823394775,1.1403573807911016e-05,44,4000.0,1000.0
44.0,0.0,3.4135558735215454e-07,-67.32735633850098,3.073076004511677e-05,45,4000.0,1000.0
45.0,0.0,3.2664414106875483e-07,-66.97802305221558,4.197519228910096e-05,46,4000.0,1000.0
46.0,0.0,3.1513263820670545e-07,-66.66799354553223,1.2833277651225217e-05,47,4000.0,1000.0
47.0,0.0,2.9081576258249697e-07,-67.15229225158691,5.770934876636602e-06,48,4000.0,1000.0
48.0,0.0,2.6805312813849014e-07,-68.5516357421875,9.249213690054603e-06,49,4000.0,1000.0
49.0,0.0,2.423404339424451e-07,-67.26616477966309,7.863533028285019e-06,50,4000.0,1000.0
50.0,0.0,2.0225549235419749e-07,-66.43992233276367,2.3833204977563582e-05,51,4000.0,1000.0
51.0,0.0,2.0225549235419749e-07,-67.55592775344849,1.6624719137325883e-05,52,4000.0,1000.0
52.0,0.0,2.0225549235419749e-07,-65.33029413223267,9.077312824956607e-06,53,4000.0,1000.0
53.0,0.0,2.0225549235419749e-07,-68.50462818145752,1.7952673943000264e-06,54,4000.0,1000.0
54.0,0.0,1.8690668923682097e-07,-68.33051872253418,2.008427145483438e-05,55,4000.0,1000.0
55.0,0.0,1.8690668923682097e-07,-66.71294641494751,2.2957061446504667e-05,56,4000.0,1000.0
56.0,0.0,1.734363337391187e-07,-67.2231035232544,1.4125241250440013e-05,57,4000.0,1000.0
57.0,0.0,1.722327738207241e-07,-68.33121061325073,1.4436612900681212e-06,58,4000.0,1000.0
58.0,0.0,1.6882047759736452e-07,-69.01786041259766,1.1594006537052337e-06,59,4000.0,1000.0
59.0,0.0,1.6419463122474554e-07,-67.08226585388184,6.9628754317818675e-06,60,4000.0,1000.0
60.0,0.0,1.6419463122474554e-07,-66.75574350357056,1.0405849934613798e-05,61,4000.0,1000.0
61.0,0.0,1.6419463122474554e-07,-67.4915599822998,1.2057487765559927e-05,62,4000.0,1000.0
62.0,0.0,1.6419463122474554e-07,-67.05459880828857,7.615549748152262e-06,63,4000.0,1000.0
63.0,0.0,1.6419463122474554e-07,-68.42134857177734,8.923459972720593e-06,64,4000.0,1000.0
64.0,0.0,1.596494882960542e-07,-67.68130826950073,3.546047310010181e-06,65,4000.0,1000.0
65.0,0.0,1.596494882960542e-07,-68.2283992767334,3.6118335628998466e-06,66,4000.0,1000.0
66.0,0.0,1.596494882960542e-07,-66.42489647865295,2.213608422607649e-05,67,4000.0,1000.0
67.0,0.0,1.596494882960542e-07,-67.49707698822021,2.3729227905278094e-05,68,4000.0,1000.0
68.0,0.0,1.596494882960542e-07,-66.76294755935669,1.386159874527948e-05,69,4000.0,1000.0
69.0,0.0,1.596494882960542e-07,-68.41722536087036,7.688417099416256e-06,70,4000.0,1000.0
0.0,1.0,3.932689651264809e-06,-61.264405488967896,1.3054302144155372e-05,71,4000.0,1000.0
1.0,1.0,1.8642867871676572e-06,-67.51373624801636,3.973579623561818e-06,72,4000.0,1000.0
2.0,1.0,9.324426173407119e-07,-68.38919162750244,1.5244867199726286e-06,73,4000.0,1000.0
3.0,1.0,4.6192675995371246e-07,-69.0351972579956,6.948931172701123e-07,74,4000.0,1000.0
4.0,1.0,3.580740042252728e-07,-68.70990419387817,1.0890496923821047e-05,75,4000.0,1000.0
5.0,1.0,3.3350801231790683e-07,-67.82853651046753,5.349219009076478e-06,76,4000.0,1000.0
6.0,1.0,3.301932451904577e-07,-67.98218297958374,1.388124655932188e-05,77,4000.0,1000.0
7.0,1.0,2.644953269737016e-07,-66.98639297485352,1.1889655979757663e-05,78,4000.0,1000.0
8.0,1.0,2.639208105392754e-07,-68.36348295211792,1.445636257813021e-06,79,4000.0,1000.0
9.0,1.0,2.639208105392754e-07,-68.83233165740967,1.4206746527634095e-05,80,4000.0,1000.0
10.0,1.0,2.639208105392754e-07,-67.685546875,2.224979289167095e-05,81,4000.0,1000.0
11.0,1.0,2.639208105392754e-07,-66.05517625808716,1.067908488039393e-05,82,4000.0,1000.0
12.0,1.0,2.639208105392754e-07,-66.92878580093384,7.4717268034874e-06,83,4000.0,1000.0
13.0,1.0,2.015330835547502e-07,-68.87036466598511,9.751715879247058e-07,84,4000.0,1000.0
14.0,1.0,1.610225268677823e-07,-68.65012550354004,5.9957551457046065e-06,85,4000.0,1000.0
15.0,1.0,1.4385841495823115e-07,-68.19870662689209,5.224786491453415e-06,86,4000.0,1000.0
16.0,1.0,1.306943033796415e-07,-68.80181837081909,4.362705567473313e-06,87,4000.0,1000.0
17.0,1.0,1.306943033796415e-07,-67.94278526306152,1.0049858246929944e-05,88,4000.0,1000.0
18.0,1.0,1.306943033796415e-07,-67.6045470237732,1.2636333849513903e-05,89,4000.0,1000.0
19.0,1.0,1.306943033796415e-07,-67.17426013946533,4.038426595798228e-06,90,4000.0,1000.0
20.0,1.0,1.306943033796415e-07,-68.05061054229736,4.245956461090827e-06,91,4000.0,1000.0
21.0,1.0,1.2499441481850226e-07,-68.30158948898315,5.778273589385208e-06,92,4000.0,1000.0
22.0,1.0,1.2499441481850226e-07,-68.56424331665039,2.109941306116525e-06,93,4000.0,1000.0
23.0,1.0,1.2499441481850226e-07,-69.08436059951782,3.7376685213530436e-06,94,4000.0,1000.0
24.0,1.0,1.2499441481850226e-07,-67.47553300857544,1.22075234685326e-05,95,4000.0,1000.0
25.0,1.0,1.2499441481850226e-07,-68.3941216468811,1.0530926374485716e-05,96,4000.0,1000.0
26.0,1.0,1.2499441481850226e-07,-66.62656831741333,2.710196167754475e-05,97,4000.0,1000.0
0.0,2.0,1.736688136588782e-05,-51.19453501701355,3.285603816038929e-05,98,4000.0,1000.0
1.0,2.0,8.913185411074664e-06,-66.24076652526855,1.0207930245087482e-05,99,4000.0,1000.0
2.0,2.0,2.688738277356606e-06,-68.49900197982788,2.7812229745904915e-06,100,4000.0,1000.0
3.0,2.0,1.1834234783236752e-06,-68.6184515953064,2.770291985143558e-06,101,4000.0,1000.0
4.0,2.0,5.445698434414226e-07,-68.96135425567627,7.853074635022494e-07,102,4000.0,1000.0
5.0,2.0,3.170941624830448e-07,-69.15580940246582,2.1389239464042475e-06,103,4000.0,1000.0
6.0,2.0,3.073592438340711e-07,-68.71846675872803,1.889790269160585e-06,104,4000.0,1000.0
7.0,2.0,3.020557528543577e-07,-68.81333827972412,2.0337372461654013e-06,105,4000.0,1000.0
8.0,2.0,2.992677821112011e-07,-68.30024480819702,3.488382617433672e-06,106,4000.0,1000.0
9.0,2.0,2.4189466785173863e-07,-68.91274833679199,1.341441816293809e-06,107,4000.0,1000.0
10.0,2.0,2.3529534587396483e-07,-69.17471361160278,1.6892665826162556e-06,108,4000.0,1000.0
11.0,2.0,2.3353534572834178e-07,-68.00430202484131,1.4015237866260577e-05,109,4000.0,1000.0
12.0,2.0,2.3353534572834178e-07,-67.79872751235962,1.0370882591814734e-05,110,4000.0,1000.0
13.0,2.0,2.330194348587611e-07,-68.13280582427979,2.1288994958013063e-06,111,4000.0,1000.0
14.0,2.0,2.330194348587611e-07,-68.59433841705322,2.8484657832450466e-06,112,4000.0,1000.0
15.0,2.0,2.3178051833383506e-07,-68.65051698684692,9.314842827734537e-06,113,4000.0,1000.0
16.0,2.0,2.3178051833383506e-07,-68.70996904373169,1.3129443914294825e-06,114,4000.0,1000.0
17.0,2.0,1.7467183965891309e-07,-69.04376077651978,2.749950226643705e-06,115,4000.0,1000.0
18.0,2.0,1.7125464069067675e-07,-68.75170516967773,2.7526934900379274e-06,116,4000.0,1000.0
19.0,2.0,1.7125464069067675e-07,-68.6994457244873,7.757402272545733e-06,117,4000.0,1000.0
20.0,2.0,1.7125464069067675e-07,-66.76571655273438,2.1287287381710485e-05,118,4000.0,1000.0
21.0,2.0,1.7125464069067675e-07,-67.77973699569702,4.184617864666507e-06,119,4000.0,1000.0
22.0,2.0,1.7125464069067675e-07,-69.03350973129272,8.493359473504825e-07,120,4000.0,1000.0
23.0,2.0,1.7125464069067675e-07,-69.18775987625122,3.747051323443884e-06,121,4000.0,1000.0
0.0,3.0,7.068815466482192e-05,-37.684136003255844,7.901939534349367e-05,122,4000.0,1000.0
1.0,3.0,1.868076651589945e-05,-62.071428298950195,1.868076651589945e-05,123,4000.0,1000.0
2.0,3.0,2.8460306111810496e-06,-67.60361289978027,2.8460306111810496e-06,124,4000.0,1000.0
3.0,3.0,9.01478699688596e-07,-68.71789693832397,1.0556482266110834e-06,125,4000.0,1000.0
4.0,3.0,3.1607416417500644e-07,-69.05219841003418,3.2804840088829224e-07,126,4000.0,1000.0
5.0,3.0,1.4779627122152306e-07,-69.17827606201172,1.4779627122152306e-07,127,4000.0,1000.0
6.0,3.0,1.0354848001270511e-07,-69.23786783218384,1.0354848001270511e-07,128,4000.0,1000.0
7.0,3.0,9.587223104290388e-08,-69.27129936218262,9.975720161037316e-08,129,4000.0,1000.0
8.0,3.0,8.272398588360375e-08,-69.29404497146606,9.731523675782228e-08,130,4000.0,1000.0
9.0,3.0,8.272398588360375e-08,-69.31015968322754,1.6338358932443953e-07,131,4000.0,1000.0
10.0,3.0,7.222120501637619e-08,-69.31412267684937,3.7431109944918717e-07,132,4000.0,1000.0
11.0,3.0,6.941699126628009e-08,-68.83333396911621,2.130493157892488e-06,133,4000.0,1000.0
12.0,3.0,6.508469141408568e-08,-69.13058996200562,5.482713731908007e-07,134,4000.0,1000.0
13.0,3.0,6.508469141408568e-08,-69.30160427093506,4.913231350656133e-07,135,4000.0,1000.0
14.0,3.0,6.508469141408568e-08,-68.83547878265381,4.300774889998138e-06,136,4000.0,1000.0
15.0,3.0,6.508469141408568e-08,-68.57492446899414,1.778369551175274e-06,137,4000.0,1000.0
16.0,3.0,6.142055042346328e-08,-69.21595001220703,6.333935971269966e-07,138,4000.0,1000.0
17.0,3.0,6.072191638395452e-08,-69.341543674469,2.642326535351458e-07,139,4000.0,1000.0
18.0,3.0,6.072191638395452e-08,-69.21248531341553,6.646693691436667e-06,140,4000.0,1000.0
19.0,3.0,5.989650020410409e-08,-67.8783483505249,1.617763155081775e-05,141,4000.0,1000.0
20.0,3.0,5.989650020410409e-08,-67.96934652328491,4.353392341727158e-06,142,4000.0,1000.0
21.0,3.0,5.989650020410409e-08,-69.07037734985352,1.4241724102248554e-06,143,4000.0,1000.0
22.0,3.0,5.989650020410409e-08,-69.30513286590576,5.406392915574543e-07,144,4000.0,1000.0
23.0,3.0,5.989650020410409e-08,-69.14278030395508,1.720936438687204e-06,145,4000.0,1000.0
24.0,3.0,5.989650020410409e-08,-68.64546203613281,5.0171679504273925e-06,146,4000.0,1000.0
0.0,4.0,5.5423570302082226e-05,-48.88490378856659,6.0131213103886694e-05,147,4000.0,1000.0
1.0,4.0,9.804169167182408e-06,-65.41288208961487,9.804169167182408e-06,148,4000.0,1000.0
2.0,4.0,2.466711976012448e-06,-68.40588140487671,2.466711976012448e-06,149,4000.0,1000.0
3.0,4.0,6.591021133317554e-07,-69.1051778793335,6.591021133317554e-07,150,4000.0,1000.0
4.0,4.0,2.0639996023419371e-07,-69.2746229171753,2.0639996023419371e-07,151,4000.0,1000.0
5.0,4.0,1.1645202846466418e-07,-69.31952285766602,1.3599890280602267e-07,152,4000.0,1000.0
6.0,4.0,8.184107969100296e-08,-69.3354172706604,1.5348301474205073e-07,153,4000.0,1000.0
7.0,4.0,7.312469563203194e-08,-69.26908111572266,2.914712013080134e-06,154,4000.0,1000.0
8.0,4.0,6.92544830371844e-08,-68.97712516784668,9.370912721351488e-07,155,4000.0,1000.0
9.0,4.0,6.382641970503755e-08,-69.28380346298218,5.053574341218336e-07,156,4000.0,1000.0
10.0,4.0,6.059723034468334e-08,-69.14344692230225,8.652945325593464e-06,157,4000.0,1000.0
11.0,4.0,6.003111252539384e-08,-68.92790365219116,1.3487125443134573e-06,158,4000.0,1000.0
12.0,4.0,5.9468696633757645e-08,-69.25190353393555,1.3733063042309368e-06,159,4000.0,1000.0
13.0,4.0,5.8186930829151606e-08,-68.76944351196289,6.3016254898684565e-06,160,4000.0,1000.0
14.0,4.0,5.656626811401111e-08,-68.6096739768982,1.911686013045255e-06,161,4000.0,1000.0
15.0,4.0,5.656626811401111e-08,-69.11027812957764,6.25704842605046e-07,162,4000.0,1000.0
16.0,4.0,5.605310349210413e-08,-69.32946729660034,5.499689450516598e-07,163,4000.0,1000.0
17.0,4.0,5.605310349210413e-08,-68.79387950897217,5.422279173217248e-06,164,4000.0,1000.0
18.0,4.0,5.605310349210413e-08,-67.73075103759766,6.533940450026421e-06,165,4000.0,1000.0
19.0,4.0,5.605310349210413e-08,-68.34736108779907,5.225763288763119e-06,166,4000.0,1000.0
20.0,4.0,5.605310349210413e-08,-69.0586724281311,3.992902747995686e-06,167,4000.0,1000.0
21.0,4.0,5.605310349210413e-08,-68.69598436355591,5.028717168897856e-06,168,4000.0,1000.0
0.0,5.0,2.434339330648072e-05,-60.24505352973938,3.7682868423871696e-05,169,4000.0,1000.0
1.0,5.0,8.12876987765776e-06,-66.7068657875061,8.12876987765776e-06,170,4000.0,1000.0
2.0,5.0,1.318390332016861e-06,-68.73212051391602,1.318390332016861e-06,171,4000.0,1000.0
3.0,5.0,7.005944553384325e-07,-69.16368532180786,7.289046948244504e-07,172,4000.0,1000.0
4.0,5.0,2.1629240620768542e-07,-69.32995223999023,2.1629240620768542e-07,173,4000.0,1000.0
5.0,5.0,9.566572600760992e-08,-69.37705993652344,9.566572600760992e-08,174,4000.0,1000.0
6.0,5.0,6.689425902095536e-08,-69.38971185684204,9.824875490949125e-08,175,4000.0,1000.0
7.0,5.0,6.495223914271264e-08,-69.37023973464966,8.700196758582024e-07,176,4000.0,1000.0
8.0,5.0,6.495223914271264e-08,-67.61342239379883,2.4304032194777392e-05,177,4000.0,1000.0
9.0,5.0,6.495223914271264e-08,-67.82753658294678,3.8463495002361014e-06,178,4000.0,1000.0
10.0,5.0,6.378095918080362e-08,-68.92356586456299,1.424852143827593e-06,179,4000.0,1000.0
11.0,5.0,6.362418503158551e-08,-69.29733753204346,5.465270760396379e-07,180,4000.0,1000.0
12.0,5.0,6.362418503158551e-08,-69.35413074493408,5.975837211735779e-07,181,4000.0,1000.0
13.0,5.0,6.362418503158551e-08,-69.33688020706177,1.1836172006951529e-06,182,4000.0,1000.0
14.0,5.0,6.073795333350063e-08,-68.36847066879272,9.898973985400517e-06,183,4000.0,1000.0
15.0,5.0,6.073795333350063e-08,-68.55511951446533,1.515018652753497e-06,184,4000.0,1000.0
16.0,5.0,6.073795333350063e-08,-68.83048868179321,8.531942512490787e-06,185,4000.0,1000.0
17.0,5.0,6.073795333350063e-08,-68.72795724868774,5.589723059529206e-06,186,4000.0,1000.0
18.0,5.0,6.073795333350063e-08,-67.7657060623169,5.462013632495655e-06,187,4000.0,1000.0
19.0,5.0,6.073795333350063e-08,-68.80788326263428,1.2836001133109676e-06,188,4000.0,1000.0
0.0,6.0,1.697711195447482e-05,-57.518553018569946,2.792683881125413e-05,189,4000.0,1000.0
1.0,6.0,5.9070894167234655e-06,-67.00050735473633,6.270774974836968e-06,190,4000.0,1000.0
2.0,6.0,2.8611909783649025e-06,-68.7256383895874,3.4872866763180355e-06,191,4000.0,1000.0
3.0,6.0,1.2247427321199211e-06,-69.05547142028809,1.2247427321199211e-06,192,4000.0,1000.0
4.0,6.0,5.613701432594098e-07,-69.14354610443115,2.6904765491053695e-06,193,4000.0,1000.0
5.0,6.0,5.052577876085707e-07,-68.76093530654907,2.9924108275736216e-06,194,4000.0,1000.0
6.0,6.0,4.782007181347581e-07,-69.08997106552124,1.722743490972789e-06,195,4000.0,1000.0
7.0,6.0,4.4674499122265843e-07,-69.2541298866272,1.0057677855002112e-06,196,4000.0,1000.0
8.0,6.0,3.3392700515832985e-07,-68.71189975738525,1.075885484169703e-05,197,4000.0,1000.0
9.0,6.0,3.181445151767548e-07,-67.99601602554321,2.1371670300140977e-06,198,4000.0,1000.0
10.0,6.0,2.7947427838626027e-07,-69.0002760887146,2.5000385903695133e-06,199,4000.0,1000.0
11.0,6.0,2.4592310410298523e-07,-68.43479442596436,4.0780450945021585e-06,200,4000.0,1000.0
12.0,6.0,2.4507966145392857e-07,-69.12515020370483,1.4190324009177857e-06,201,4000.0,1000.0
13.0,6.0,2.432153110021318e-07,-68.9134578704834,3.6906935747538228e-06,202,4000.0,1000.0
14.0,6.0,2.432153110021318e-07,-69.1960072517395,6.529431857416057e-07,203,4000.0,1000.0
15.0,6.0,2.1375706182880094e-07,-69.35413360595703,2.8849686373177974e-07,204,4000.0,1000.0
16.0,6.0,2.126300273630477e-07,-69.28182077407837,3.1502506772085326e-06,205,4000.0,1000.0
17.0,6.0,2.126300273630477e-07,-67.94671821594238,1.1479363820399158e-05,206,4000.0,1000.0
18.0,6.0,2.0887966911686817e-07,-67.36265802383423,4.66807159682503e-06,207,4000.0,1000.0
19.0,6.0,2.0304894121636607e-07,-68.92859506607056,1.4722659216204192e-06,208,4000.0,1000.0
20.0,6.0,1.8505755861042417e-07,-69.08658409118652,5.8898108363791835e-06,209,4000.0,1000.0
21.0,6.0,1.8505755861042417e-07,-68.99204778671265,2.1835503503098153e-06,210,4000.0,1000.0
22.0,6.0,1.8505755861042417e-07,-68.43031358718872,2.760423512881971e-06,211,4000.0,1000.0
23.0,6.0,1.7961095011287398e-07,-68.9096999168396,2.310565605512238e-06,212,4000.0,1000.0
24.0,6.0,1.7347116454402567e-07,-68.26930570602417,8.411881935899146e-06,213,4000.0,1000.0
25.0,6.0,1.6572970196193637e-07,-68.35053825378418,8.790939318714663e-06,214,4000.0,1000.0
26.0,6.0,1.0445155851357413e-07,-68.58122062683105,3.726391696545761e-06,215,4000.0,1000.0
27.0,6.0,8.219716107760178e-08,-69.12989091873169,2.392672740825219e-06,216,4000.0,1000.0
28.0,6.0,8.219716107760178e-08,-69.02866554260254,2.6819629965757485e-06,217,4000.0,1000.0
29.0,6.0,8.219716107760178e-08,-69.04140281677246,4.4123407860752195e-06,218,4000.0,1000.0
30.0,6.0,8.219716107760178e-08,-68.59197998046875,6.541173661389621e-06,219,4000.0,1000.0
31.0,6.0,8.219716107760178e-08,-68.6737232208252,3.5170323826605454e-06,220,4000.0,1000.0
32.0,6.0,8.219716107760178e-08,-68.68638134002686,2.347403778912849e-06,221,4000.0,1000.0
0.0,7.0,4.780431481776759e-06,-59.750746726989746,2.4689339625183493e-05,222,4000.0,1000.0
1.0,7.0,3.4594504541018978e-06,-67.42837381362915,4.849612196267117e-06,223,4000.0,1000.0
2.0,7.0,1.2136036957599572e-06,-68.92440176010132,1.2136036957599572e-06,224,4000.0,1000.0
3.0,7.0,3.6159320870865486e-07,-69.26647233963013,3.6159320870865486e-07,225,4000.0,1000.0
4.0,7.0,1.6952513703927252e-07,-69.36706876754761,1.6952513703927252e-07,226,4000.0,1000.0
5.0,7.0,1.0506944647659111e-07,-69.38752031326294,1.6484564469010365e-07,227,4000.0,1000.0
6.0,7.0,8.782146920793821e-08,-69.37729740142822,1.2146264225521008e-06,228,4000.0,1000.0
7.0,7.0,8.671384676972593e-08,-68.6242561340332,1.2451481779862661e-05,229,4000.0,1000.0
8.0,7.0,7.92633514379304e-08,-67.86843585968018,7.307853138627252e-06,230,4000.0,1000.0
9.0,7.0,7.853735439766751e-08,-68.90081405639648,1.7664895040070405e-06,231,4000.0,1000.0
10.0,7.0,7.836083426582263e-08,-69.23419523239136,1.9265983155491995e-06,232,4000.0,1000.0
11.0,7.0,7.836083426582263e-08,-69.27156352996826,6.974162829465058e-07,233,4000.0,1000.0
12.0,7.0,7.779866706414396e-08,-69.33682298660278,9.709882533570635e-07,234,4000.0,1000.0
13.0,7.0,7.779866706414396e-08,-69.08507299423218,1.0362363127569552e-06,235,4000.0,1000.0
14.0,7.0,7.779866706414396e-08,-68.94720888137817,1.0142335668206215e-05,236,4000.0,1000.0
15.0,7.0,7.779866706414396e-08,-68.29845094680786,1.123983474826673e-05,237,4000.0,1000.0
16.0,7.0,7.779866706414396e-08,-67.92418241500854,6.685938387818169e-06,238,4000.0,1000.0
17.0,7.0,7.779866706414396e-08,-68.60004568099976,4.706465006165672e-06,239,4000.0,1000.0
0.0,8.0,3.264991391915828e-05,-48.47725087404251,5.144293754710816e-05,240,4000.0,1000.0
1.0,8.0,1.2342477930360474e-05,-64.87451434135437,1.2342477930360474e-05,241,4000.0,1000.0
2.0,8.0,2.3626332676940365e-06,-68.31725549697876,2.3626332676940365e-06,242,4000.0,1000.0
3.0,8.0,7.28200802768697e-07,-69.10581874847412,7.28200802768697e-07,243,4000.0,1000.0
4.0,8.0,2.791943529700802e-07,-69.29253768920898,2.791943529700802e-07,244,4000.0,1000.0
5.0,8.0,1.3237942653177015e-07,-69.34908246994019,1.3237942653177015e-07,245,4000.0,1000.0
6.0,8.0,8.585163158159048e-08,-69.37393379211426,8.585163158159048e-08,246,4000.0,1000.0
7.0,8.0,6.81446863382007e-08,-69.38817310333252,7.053983352989235e-08,247,4000.0,1000.0
8.0,8.0,5.8777672506948875e-08,-69.3972601890564,6.224460946668842e-08,248,4000.0,1000.0
9.0,8.0,5.3584898296321626e-08,-69.40469408035278,5.5671954157787695e-08,249,4000.0,1000.0
10.0,8.0,4.98246350844056e-08,-69.41027116775513,6.036481181581621e-08,250,4000.0,1000.0
11.0,8.0,4.818543430928912e-08,-69.41442012786865,6.272757957503927e-08,251,4000.0,1000.0
12.0,8.0,4.506432915718506e-08,-69.41723680496216,9.05778207993535e-08,252,4000.0,1000.0
13.0,8.0,4.098863470858305e-08,-69.26328992843628,3.5029718219448114e-06,253,4000.0,1000.0
14.0,8.0,3.972165529830818e-08,-69.24335527420044,7.665177008675528e-07,254,4000.0,1000.0
15.0,8.0,3.8037981653360475e-08,-69.39370965957642,2.7752275855164044e-07,255,4000.0,1000.0
16.0,8.0,3.771805268115713e-08,-68.80159568786621,5.077618880022783e-06,256,4000.0,1000.0
17.0,8.0,3.771805268115713e-08,-69.03062057495117,2.8675344765360933e-06,257,4000.0,1000.0
18.0,8.0,3.771805268115713e-08,-68.72316265106201,1.6281794614769751e-06,258,4000.0,1000.0
19.0,8.0,3.771805268115713e-08,-69.31247806549072,4.5085252509124984e-07,259,4000.0,1000.0
20.0,8.0,3.771805268115713e-08,-69.09514141082764,7.608221949340077e-06,260,4000.0,1000.0
21.0,8.0,3.700017714436399e-08,-68.93900775909424,1.4570672419722541e-06,261,4000.0,1000.0
22.0,8.0,3.619025790158048e-08,-69.29558515548706,7.971869422362943e-07,262,4000.0,1000.0
23.0,8.0,3.592626995896353e-08,-68.95358657836914,1.7739587292453507e-06,263,4000.0,1000.0
24.0,8.0,3.592626995896353e-08,-69.27439785003662,9.994716947403504e-07,264,4000.0,1000.0
25.0,8.0,3.5429383871132814e-08,-68.84479427337646,2.0026075162604684e-06,265,4000.0,1000.0
26.0,8.0,3.47795428012887e-08,-69.18446016311646,4.783254098583711e-06,266,4000.0,1000.0
27.0,8.0,3.4666147286088744e-08,-68.59300708770752,4.635923232854111e-06,267,4000.0,1000.0
28.0,8.0,3.4666147286088744e-08,-69.04493951797485,4.071223429491511e-06,268,4000.0,1000.0
29.0,8.0,3.4666147286088744e-08,-68.94791793823242,8.878819244273473e-07,269,4000.0,1000.0
30.0,8.0,3.4666147286088744e-08,-69.26692628860474,3.2853506581886904e-06,270,4000.0,1000.0
31.0,8.0,3.4666147286088744e-08,-68.69634056091309,2.5191013719449984e-06,271,4000.0,1000.0
32.0,8.0,3.4666147286088744e-08,-69.01153564453125,6.1149708017183e-06,272,4000.0,1000.0
0.0,9.0,4.1307568608317524e-05,-50.60968255996704,5.0561557145556435e-05,273,4000.0,1000.0
1.0,9.0,7.491665201087017e-06,-65.87658429145813,7.491665201087017e-06,274,4000.0,1000.0
2.0,9.0,2.1932551135250833e-06,-68.56461143493652,2.1932551135250833e-06,275,4000.0,1000.0
3.0,9.0,7.583829528812203e-07,-69.17885541915894,7.583829528812203e-07,276,4000.0,1000.0
4.0,9.0,2.3075352828527684e-07,-69.33144617080688,2.3075352828527684e-07,277,4000.0,1000.0
5.0,9.0,1.0785559112491683e-07,-69.38129329681396,1.0785559112491683e-07,278,4000.0,1000.0
6.0,9.0,7.499643572828063e-08,-69.39915180206299,8.053328315327235e-08,279,4000.0,1000.0
7.0,9.0,5.9508469263391817e-08,-69.40947437286377,6.150197862098139e-08,280,4000.0,1000.0
8.0,9.0,5.2184397247856396e-08,-69.41601276397705,5.95651989954149e-08,281,4000.0,1000.0
9.0,9.0,4.693960065083047e-08,-69.42049264907837,6.271744723562733e-08,282,4000.0,1000.0
10.0,9.0,4.527724684066925e-08,-69.42268085479736,1.0388590965249023e-07,283,4000.0,1000.0
11.0,9.0,4.144558474195037e-08,-69.42339515686035,6.364209070852667e-08,284,4000.0,1000.0
12.0,9.0,3.8492501630571496e-08,-69.38343000411987,2.0550787667161785e-06,285,4000.0,1000.0
13.0,9.0,3.8406408719993124e-08,-68.857337474823,2.123719696101034e-06,286,4000.0,1000.0
14.0,9.0,3.712771246000557e-08,-69.04738426208496,1.1830121593447984e-06,287,4000.0,1000.0
15.0,9.0,3.700352380064942e-08,-69.20035934448242,2.291336613780004e-06,288,4000.0,1000.0
16.0,9.0,3.700352380064942e-08,-69.04583406448364,1.967190428331378e-06,289,4000.0,1000.0
17.0,9.0,3.54813209924032e-08,-69.32504272460938,2.9969325510137423e-07,290,4000.0,1000.0
18.0,9.0,3.54813209924032e-08,-69.3992190361023,5.587295390796498e-07,291,4000.0,1000.0
19.0,9.0,3.54813209924032e-08,-69.14261817932129,1.8364363540968043e-06,292,4000.0,1000.0
20.0,9.0,3.54813209924032e-08,-69.13086700439453,8.280073870992055e-07,293,4000.0,1000.0
21.0,9.0,3.54813209924032e-08,-68.75712203979492,2.893169039452914e-06,294,4000.0,1000.0
22.0,9.0,3.54813209924032e-08,-69.10724973678589,1.4402744454855565e-06,295,4000.0,1000.0
0.0,10.0,2.403857979516033e-05,-56.9193799495697,2.4040742573561147e-05,296,4000.0,1000.0
1.0,10.0,7.8080693128868e-06,-66.89963817596436,7.8080693128868e-06,297,4000.0,1000.0
2.0,10.0,1.4069833014218602e-06,-68.72338819503784,1.4069833014218602e-06,298,4000.0,1000.0
3.0,10.0,3.8583866057706473e-07,-69.25452375411987,3.8583866057706473e-07,299,4000.0,1000.0
4.0,10.0,1.5049567991809454e-07,-69.36745643615723,1.5049567991809454e-07,300,4000.0,1000.0
5.0,10.0,8.860933320420372e-08,-69.39957904815674,8.860933320420372e-08,301,4000.0,1000.0
6.0,10.0,6.606992286606328e-08,-69.41407346725464,6.86485961409744e-08,302,4000.0,1000.0
7.0,10.0,5.323713736515856e-08,-69.42087459564209,7.275216518110028e-08,303,4000.0,1000.0
8.0,10.0,4.246676610364375e-08,-69.42376852035522,1.0318681376020322e-07,304,4000.0,1000.0
9.0,10.0,4.1618005042209916e-08,-69.23902559280396,3.721231450981577e-06,305,4000.0,1000.0
10.0,10.0,4.001730857794428e-08,-69.27215528488159,7.608157375216251e-07,306,4000.0,1000.0
11.0,10.0,4.001730857794428e-08,-69.14717102050781,3.855639988614712e-06,307,4000.0,1000.0
12.0,10.0,3.7913054029559135e-08,-68.98693943023682,2.91773153549002e-06,308,4000.0,1000.0
13.0,10.0,3.7913054029559135e-08,-69.14576959609985,1.8903456293628551e-06,309,4000.0,1000.0
14.0,10.0,3.783401325563318e-08,-69.21704339981079,3.1578204016113887e-06,310,4000.0,1000.0
15.0,10.0,3.7452817736038924e-08,-69.22072982788086,6.823040052950091e-07,311,4000.0,1000.0
16.0,10.0,3.2821930062709725e-08,-69.3723955154419,9.268883900404035e-07,312,4000.0,1000.0
17.0,10.0,3.2821930062709725e-08,-69.30111455917358,2.830752919180668e-06,313,4000.0,1000.0
18.0,10.0,3.068792508997831e-08,-69.02186679840088,5.337203674571356e-07,314,4000.0,1000.0
19.0,10.0,3.068792508997831e-08,-68.86371946334839,4.253808583598584e-06,315,4000.0,1000.0
20.0,10.0,3.068792508997831e-08,-68.56350755691528,3.3444139262428507e-06,316,4000.0,1000.0
21.0,10.0,3.068792508997831e-08,-69.22408866882324,6.188728320921655e-07,317,4000.0,1000.0
22.0,10.0,3.021047945139799e-08,-69.3921422958374,2.5697164574012277e-07,318,4000.0,1000.0
23.0,10.0,3.021047945139799e-08,-69.3532862663269,2.2805995740782237e-06,319,4000.0,1000.0
24.0,10.0,2.974297430569095e-08,-68.96875190734863,2.8692786600004183e-06,320,4000.0,1000.0
25.0,10.0,2.974297430569095e-08,-69.20657348632812,1.6852555972945993e-06,321,4000.0,1000.0
26.0,10.0,2.974297430569095e-08,-69.04471969604492,1.0499131803953787e-06,322,4000.0,1000.0
27.0,10.0,2.974297430569095e-08,-69.27176189422607,6.785932669117756e-07,323,4000.0,1000.0
28.0,10.0,2.974297430569095e-08,-69.19010829925537,9.7150837063964e-07,324,4000.0,1000.0
29.0,10.0,2.9613342888978877e-08,-69.04376125335693,4.126033672946505e-06,325,4000.0,1000.0
30.0,10.0,2.9613342888978877e-08,-68.91249799728394,3.972123067796929e-06,326,4000.0,1000.0
31.0,10.0,2.9613342888978877e-08,-68.93224000930786,3.964257302868646e-06,327,4000.0,1000.0
32.0,10.0,2.9613342888978877e-08,-69.08040761947632,9.729709518069285e-07,328,4000.0,1000.0
33.0,10.0,2.9613342888978877e-08,-69.2456407546997,2.2923311462363927e-06,329,4000.0,1000.0
34.0,10.0,2.9613342888978877e-08,-69.09070014953613,1.171804683508526e-06,330,4000.0,1000.0
0.0,11.0,4.904909656033851e-05,-43.58331000804901,7.678331166971475e-05,331,4000.0,1000.0
1.0,11.0,1.0576367458270397e-05,-64.53515291213989,1.0576367458270397e-05,332,4000.0,1000.0
2.0,11.0,3.16175578518596e-06,-68.34835004806519,3.16175578518596e-06,333,4000.0,1000.0
3.0,11.0,7.740653700238909e-07,-69.13009214401245,7.740653700238909e-07,334,4000.0,1000.0
4.0,11.0,2.590478516140138e-07,-69.32491302490234,2.615906282699143e-07,335,4000.0,1000.0
5.0,11.0,1.5490300597775786e-07,-69.37850952148438,1.5490300597775786e-07,336,4000.0,1000.0
6.0,11.0,1.178249462441272e-07,-69.39916038513184,1.269875298248735e-07,337,4000.0,1000.0
7.0,11.0,1.0495752889028154e-07,-69.40927839279175,1.1112664566326202e-07,338,4000.0,1000.0
8.0,11.0,8.433971032673071e-08,-69.41800832748413,8.485140057246099e-08,339,4000.0,1000.0
9.0,11.0,7.358689657621653e-08,-69.42401599884033,8.113882188354182e-08,340,4000.0,1000.0
10.0,11.0,6.550165920771178e-08,-69.42776203155518,6.841069932761457e-08,341,4000.0,1000.0
11.0,11.0,5.9068785418503467e-08,-69.42363595962524,3.7577646594399994e-07,342,4000.0,1000.0
12.0,11.0,5.810458958421805e-08,-69.30527782440186,2.2461023263531388e-07,343,4000.0,1000.0
13.0,11.0,5.63340805115331e-08,-69.41574907302856,9.373836462600593e-08,344,4000.0,1000.0
14.0,11.0,5.63340805115331e-08,-69.43197345733643,7.508523225396857e-08,345,4000.0,1000.0
15.0,11.0,4.5043332619343346e-08,-69.43875169754028,1.0700951236231049e-07,346,4000.0,1000.0
16.0,11.0,4.5043332619343346e-08,-69.40554857254028,1.4683816971228225e-06,347,4000.0,1000.0
17.0,11.0,4.5043332619343346e-08,-69.08460330963135,2.192096189901349e-06,348,4000.0,1000.0
18.0,11.0,4.3415244732614156e-08,-68.9653091430664,4.6680120249220636e-06,349,4000.0,1000.0
19.0,11.0,4.3415244732614156e-08,-68.89401388168335,1.4576604598914855e-06,350,4000.0,1000.0
20.0,11.0,4.233633177364027e-08,-69.16481065750122,1.1429863207013113e-06,351,4000.0,1000.0
21.0,11.0,4.167545242239612e-08,-69.31369829177856,2.797268052745494e-06,352,4000.0,1000.0
22.0,11.0,4.167545242239612e-08,-69.19837474822998,3.8389700307561725e-07,353,4000.0,1000.0
23.0,11.0,4.167545242239612e-08,-69.41616201400757,2.604924134175235e-07,354,4000.0,1000.0
24.0,11.0,3.858667341205546e-08,-69.43264293670654,1.5092551564066525e-07,355,4000.0,1000.0
25.0,11.0,3.810272275472926e-08,-69.12798929214478,2.787287257888238e-06,356,4000.0,1000.0
26.0,11.0,3.626767153264154e-08,-69.13539600372314,1.0844977396118338e-06,357,4000.0,1000.0
27.0,11.0,3.626767153264154e-08,-68.71684980392456,3.7576739941869164e-06,358,4000.0,1000.0
28.0,11.0,3.626767153264154e-08,-69.12311887741089,1.5471682672796305e-06,359,4000.0,1000.0
29.0,11.0,3.626767153264154e-08,-69.2466049194336,3.6975816328777e-06,360,4000.0,1000.0
30.0,11.0,3.626767153264154e-08,-69.23471689224243,7.036506985969027e-07,361,4000.0,1000.0
31.0,11.0,3.626767153264154e-08,-69.38297367095947,4.6023174604670203e-07,362,4000.0,1000.0
0.0,12.0,2.0293502529966645e-05,-58.56580901145935,2.2175918275024742e-05,363,4000.0,1000.0
1.0,12.0,6.628803021158092e-06,-67.34854364395142,6.628803021158092e-06,364,4000.0,1000.0
2.0,12.0,1.7445477169530932e-06,-68.89880895614624,1.7445477169530932e-06,365,4000.0,1000.0
3.0,12.0,3.662032099782664e-07,-69.28697872161865,3.662032099782664e-07,366,4000.0,1000.0
4.0,12.0,1.5712541312495887e-07,-69.38796806335449,2.1369517355651624e-07,367,4000.0,1000.0
5.0,12.0,1.0816067685937014e-07,-69.41175603866577,1.0947341166911428e-07,368,4000.0,1000.0
6.0,12.0,5.076326203834469e-08,-69.43017482757568,5.076326203834469e-08,369,4000.0,1000.0
7.0,12.0,4.2734082938977735e-08,-69.43793201446533,5.921749846038438e-08,370,4000.0,1000.0
8.0,12.0,4.1629288460853786e-08,-69.44011211395264,4.636079253828029e-08,371,4000.0,1000.0
9.0,12.0,3.971675965885879e-08,-69.44300556182861,5.746175446574853e-08,372,4000.0,1000.0
10.0,12.0,3.569944695414051e-08,-69.44426107406616,3.879562626707411e-08,373,4000.0,1000.0
11.0,12.0,3.469823184332199e-08,-69.44514894485474,8.948121177354551e-08,374,4000.0,1000.0
12.0,12.0,3.292392847242809e-08,-69.38452196121216,1.47703065067617e-06,375,4000.0,1000.0
13.0,12.0,3.292392847242809e-08,-69.15027713775635,2.9634391012223205e-06,376,4000.0,1000.0
14.0,12.0,3.292392847242809e-08,-69.13086795806885,1.071943643182749e-06,377,4000.0,1000.0
15.0,12.0,3.292392847242809e-08,-69.36483907699585,2.8869590096292086e-07,378,4000.0,1000.0
16.0,12.0,3.292392847242809e-08,-69.23210906982422,3.549037046468584e-06,379,4000.0,1000.0
17.0,12.0,3.292392847242809e-08,-69.19992256164551,7.64788524065807e-07,380,4000.0,1000.0
0.0,13.0,1.9729537598323077e-05,-61.09077739715576,2.1714973627240397e-05,381,4000.0,1000.0
1.0,13.0,4.639863618649542e-06,-67.58155822753906,4.639863618649542e-06,382,4000.0,1000.0
2.0,13.0,1.3329012062968104e-06,-68.9942569732666,1.3329012062968104e-06,383,4000.0,1000.0
3.0,13.0,4.066447161221731e-07,-69.3083815574646,5.451283868751489e-07,384,4000.0,1000.0
4.0,13.0,1.7188850165439362e-07,-69.39116144180298,1.7188850165439362e-07,385,4000.0,1000.0
5.0,13.0,8.307805643426036e-08,-69.42224979400635,8.307805643426036e-08,386,4000.0,1000.0
6.0,13.0,6.460368240368553e-08,-69.43383359909058,6.653826289948483e-08,387,4000.0,1000.0
7.0,13.0,4.432219569139306e-08,-69.43992519378662,4.689938748470013e-08,388,4000.0,1000.0
8.0,13.0,4.1569400366370246e-08,-69.44325256347656,4.749852777763408e-08,389,4000.0,1000.0
9.0,13.0,3.601281761689279e-08,-69.44417524337769,4.830035749137096e-08,390,4000.0,1000.0
10.0,13.0,3.172918638938427e-08,-69.44678974151611,4.1124355476540586e-08,391,4000.0,1000.0
11.0,13.0,3.120084457464145e-08,-69.44526386260986,9.090312147463919e-08,392,4000.0,1000.0
12.0,13.0,3.120084457464145e-08,-69.39648818969727,1.3713704447582131e-06,393,4000.0,1000.0
13.0,13.0,3.070800147497721e-08,-69.02468824386597,1.5235905266308691e-06,394,4000.0,1000.0
14.0,13.0,3.025490613595139e-08,-69.25450706481934,7.840074545129028e-07,395,4000.0,1000.0
15.0,13.0,3.025490613595139e-08,-69.33353900909424,4.5429717943079595e-07,396,4000.0,1000.0
16.0,13.0,3.025490613595139e-08,-69.12803268432617,3.443149353188346e-06,397,4000.0,1000.0
17.0,13.0,3.025490613595139e-08,-69.14736557006836,1.4027488077772432e-06,398,4000.0,1000.0
18.0,13.0,3.025490613595139e-08,-69.30990934371948,1.4925518598829512e-06,399,4000.0,1000.0
19.0,13.0,3.025490613595139e-08,-69.22739887237549,3.0396654437936377e-06,400,4000.0,1000.0
0.0,14.0,1.891070860438049e-05,-60.20769381523132,1.891070860438049e-05,401,4000.0,1000.0
1.0,14.0,5.776639227406122e-06,-67.47125768661499,5.776639227406122e-06,402,4000.0,1000.0
2.0,14.0,1.7276320249948185e-06,-68.91567659378052,1.7276320249948185e-06,403,4000.0,1000.0
3.0,14.0,3.2825874995978666e-07,-69.29272079467773,3.2825874995978666e-07,404,4000.0,1000.0
4.0,14.0,1.2872462207269564e-07,-69.40334033966064,1.350084204432278e-07,405,4000.0,1000.0
5.0,14.0,5.289140858621977e-08,-69.4298095703125,5.289140858621977e-08,406,4000.0,1000.0
6.0,14.0,4.7312191497894673e-08,-69.43869829177856,5.0699362930117786e-08,407,4000.0,1000.0
7.0,14.0,4.1617472135158096e-08,-69.44172286987305,9.156418201428096e-08,408,4000.0,1000.0
8.0,14.0,3.7069430192104846e-08,-69.36850690841675,6.629345534747699e-07,409,4000.0,1000.0
9.0,14.0,3.6030339600756633e-08,-69.42689371109009,8.785696792301678e-08,410,4000.0,1000.0
10.0,14.0,3.486358934878808e-08,-69.44627714157104,6.629870341612332e-08,411,4000.0,1000.0
11.0,14.0,3.0137094597648684e-08,-69.44933795928955,3.611305032791279e-08,412,4000.0,1000.0
12.0,14.0,2.9319503269675806e-08,-69.45294713973999,4.795150942982218e-08,413,4000.0,1000.0
13.0,14.0,2.9319503269675806e-08,-69.41905450820923,1.0642949064276763e-06,414,4000.0,1000.0
14.0,14.0,2.9319503269675806e-08,-69.0649151802063,1.7932428590938798e-06,415,4000.0,1000.0
15.0,14.0,2.9142471547061177e-08,-69.2539415359497,1.0956526921290788e-06,416,4000.0,1000.0
16.0,14.0,2.9041178351008057e-08,-69.21701717376709,5.153107167643611e-07,417,4000.0,1000.0
17.0,14.0,2.7496676935356845e-08,-69.31707906723022,7.152618763939245e-07,418,4000.0,1000.0
18.0,14.0,2.7496676935356845e-08,-69.42199897766113,1.080869793668171e-07,419,4000.0,1000.0
19.0,14.0,2.634853757399469e-08,-69.42340183258057,5.630948862744845e-07,420,4000.0,1000.0
20.0,14.0,2.5024549543672947e-08,-69.38620901107788,3.7149800391489407e-07,421,4000.0,1000.0
21.0,14.0,2.5024549543672947e-08,-69.369375705719,1.000641077553155e-06,422,4000.0,1000.0
22.0,14.0,2.5024549543672947e-08,-69.3509202003479,1.109361960516253e-06,423,4000.0,1000.0
23.0,14.0,2.5024549543672947e-08,-68.9022707939148,3.316889660709421e-06,424,4000.0,1000.0
24.0,14.0,2.5024549543672947e-08,-69.24354076385498,8.2707606452459e-07,425,4000.0,1000.0
25.0,14.0,2.5024549543672947e-08,-69.34475374221802,2.7671173938870197e-06,426,4000.0,1000.0
0.0,15.0,2.594071520434227e-05,-56.68856763839722,2.675745781743899e-05,427,4000.0,1000.0
1.0,15.0,7.553290288342396e-06,-66.7822585105896,7.553290288342396e-06,428,4000.0,1000.0
2.0,15.0,1.6614943660897552e-06,-68.85983467102051,1.6614943660897552e-06,429,4000.0,1000.0
3.0,15.0,4.4767449480787036e-07,-69.29630470275879,4.4767449480787036e-07,430,4000.0,1000.0
4.0,15.0,1.382003915750829e-07,-69.40462446212769,1.382003915750829e-07,431,4000.0,1000.0
5.0,15.0,6.931051643732644e-08,-69.43137836456299,6.931051643732644e-08,432,4000.0,1000.0
6.0,15.0,4.9145231884040186e-08,-69.44068145751953,4.9145231884040186e-08,433,4000.0,1000.0
7.0,15.0,4.207189263638611e-08,-69.44538307189941,4.375373308107555e-08,434,4000.0,1000.0
8.0,15.0,3.5002493348201824e-08,-69.44810581207275,4.320465407658958e-08,435,4000.0,1000.0
9.0,15.0,3.2935016491819624e-08,-69.45057535171509,3.520470670537179e-08,436,4000.0,1000.0
10.0,15.0,2.8191848855385615e-08,-69.45189619064331,3.107487600573222e-08,437,4000.0,1000.0
11.0,15.0,2.8191848855385615e-08,-69.45293998718262,5.3250452936026704e-08,438,4000.0,1000.0
12.0,15.0,2.7599096341646145e-08,-69.45275449752808,7.491649256508026e-08,439,4000.0,1000.0
13.0,15.0,2.7599096341646145e-08,-69.4489893913269,4.5091791633922185e-08,440,4000.0,1000.0
14.0,15.0,2.7599096341646145e-08,-69.45214033126831,1.66390719869014e-07,441,4000.0,1000.0
15.0,15.0,2.452659408902491e-08,-69.38483333587646,1.468063572929168e-07,442,4000.0,1000.0
16.0,15.0,2.4037881019012275e-08,-69.20582723617554,4.9408263294026256e-06,443,4000.0,1000.0
17.0,15.0,2.4037881019012275e-08,-69.058180809021,7.64588833135349e-07,444,4000.0,1000.0
18.0,15.0,2.4037881019012275e-08,-69.2867226600647,3.3910539514181437e-06,445,4000.0,1000.0
19.0,15.0,2.4037881019012275e-08,-69.01459407806396,1.6167739431693917e-06,446,4000.0,1000.0
20.0,15.0,2.4037881019012275e-08,-69.36313247680664,3.031617836768419e-07,447,4000.0,1000.0
21.0,15.0,2.4037881019012275e-08,-69.43550682067871,1.1226463669800069e-07,448,4000.0,1000.0
0.0,16.0,2.4634537112433463e-05,-58.855891704559326,2.810959267662838e-05,449,4000.0,1000.0
1.0,16.0,6.559407211170765e-06,-67.22019052505493,6.559407211170765e-06,450,4000.0,1000.0
2.0,16.0,1.7667043721303344e-06,-68.90044593811035,1.7667043721303344e-06,451,4000.0,1000.0
3.0,16.0,4.115059653031494e-07,-69.306387424469,4.115059653031494e-07,452,4000.0,1000.0
4.0,16.0,1.5933667896206316e-07,-69.40416145324707,1.5933667896206316e-07,453,4000.0,1000.0
5.0,16.0,7.803532042771621e-08,-69.43286418914795,8.018761121775242e-08,454,4000.0,1000.0
6.0,16.0,5.0589687106139536e-08,-69.44329357147217,5.0589687106139536e-08,455,4000.0,1000.0
7.0,16.0,4.206163595199541e-08,-69.4481143951416,4.2396795407739774e-08,456,4000.0,1000.0
8.0,16.0,2.852658198548852e-08,-69.45101642608643,3.2520269144242775e-08,457,4000.0,1000.0
9.0,16.0,2.549950472996443e-08,-69.45343399047852,3.1996858496086134e-08,458,4000.0,1000.0
10.0,16.0,2.1874736688687335e-08,-69.45487022399902,2.5058595198856892e-08,459,4000.0,1000.0
11.0,16.0,2.1387840831721405e-08,-69.45624828338623,2.6221750104582497e-08,460,4000.0,1000.0
12.0,16.0,1.9738013889991635e-08,-69.45590496063232,2.2461113857730197e-08,461,4000.0,1000.0
13.0,16.0,1.9080880875321782e-08,-69.45700883865356,3.9863035539156044e-08,462,4000.0,1000.0
14.0,16.0,1.9080880875321782e-08,-69.45596218109131,9.076156715082107e-08,463,4000.0,1000.0
15.0,16.0,1.9080880875321782e-08,-69.34159421920776,2.4375822249567136e-06,464,4000.0,1000.0
16.0,16.0,1.8882214902760097e-08,-69.24324226379395,2.117027179338038e-06,465,4000.0,1000.0
17.0,16.0,1.8882214902760097e-08,-69.15121030807495,7.414060974042513e-07,466,4000.0,1000.0
18.0,16.0,1.8549872748963026e-08,-69.36473417282104,4.786767817677173e-07,467,4000.0,1000.0
19.0,16.0,1.8549872748963026e-08,-69.26257705688477,8.153207886607561e-07,468,4000.0,1000.0
20.0,16.0,1.84982944517742e-08,-69.34377241134644,3.105491828137019e-07,469,4000.0,1000.0
21.0,16.0,1.840209407077964e-08,-69.42699575424194,1.2329954302003898e-07,470,4000.0,1000.0
22.0,16.0,1.840209407077964e-08,-69.43616151809692,2.972628294628521e-07,471,4000.0,1000.0
23.0,16.0,1.840209407077964e-08,-69.43982410430908,1.966023006616524e-07,472,4000.0,1000.0
24.0,16.0,1.840209407077964e-08,-69.28178024291992,2.2369927137333434e-06,473,4000.0,1000.0
25.0,16.0,1.840209407077964e-08,-69.18125295639038,6.578536613233155e-07,474,4000.0,1000.0
26.0,16.0,1.840209407077964e-08,-69.35623502731323,1.2289041251278832e-06,475,4000.0,1000.0
0.0,17.0,2.725211379583925e-05,-58.765361070632935,3.1387862691190094e-05,476,4000.0,1000.0
1.0,17.0,7.36467609385727e-06,-66.82645988464355,7.36467609385727e-06,477,4000.0,1000.0
2.0,17.0,1.6281757098113303e-06,-68.80388689041138,1.6281757098113303e-06,478,4000.0,1000.0
3.0,17.0,4.831503019886441e-07,-69.28726863861084,4.831503019886441e-07,479,4000.0,1000.0
4.0,17.0,2.1299649688444333e-07,-69.40220594406128,2.1299649688444333e-07,480,4000.0,1000.0
5.0,17.0,1.053364115932709e-07,-69.433265209198,1.053364115932709e-07,481,4000.0,1000.0
6.0,17.0,6.60338557167961e-08,-69.44429111480713,7.166067916841712e-08,482,4000.0,1000.0
7.0,17.0,4.342021142633712e-08,-69.45029306411743,4.342021142633712e-08,483,4000.0,1000.0
8.0,17.0,3.997458364324302e-08,-69.45377159118652,4.3422559770078806e-08,484,4000.0,1000.0
9.0,17.0,3.7252949169896965e-08,-69.45536661148071,4.024091637688798e-08,485,4000.0,1000.0
10.0,17.0,3.495106781770119e-08,-69.45662498474121,3.98094321951703e-08,486,4000.0,1000.0
11.0,17.0,3.3363082962978297e-08,-69.45752382278442,3.843909013312441e-08,487,4000.0,1000.0
12.0,17.0,3.2333971944353834e-08,-69.45635223388672,9.686431923228156e-08,488,4000.0,1000.0
13.0,17.0,3.124086944694682e-08,-69.33554744720459,9.781591643331922e-07,489,4000.0,1000.0
14.0,17.0,3.0219545976706286e-08,-69.24898672103882,8.093414294307877e-07,490,4000.0,1000.0
15.0,17.0,2.9471749485310283e-08,-69.34881591796875,1.7702759578241967e-06,491,4000.0,1000.0
16.0,17.0,2.9299329185050738e-08,-69.26038789749146,3.487862727524771e-07,492,4000.0,1000.0
17.0,17.0,2.8057968393113697e-08,-69.40790700912476,1.2727680598345614e-07,493,4000.0,1000.0
18.0,17.0,2.8057968393113697e-08,-69.44803476333618,5.528070801119611e-08,494,4000.0,1000.0
19.0,17.0,2.4102750018073493e-08,-69.40494632720947,1.3178719200368505e-06,495,4000.0,1000.0
20.0,17.0,2.4102750018073493e-08,-69.36868667602539,1.5204157080006553e-06,496,4000.0,1000.0
21.0,17.0,2.4102750018073493e-08,-69.09837579727173,6.682234356958361e-07,497,4000.0,1000.0
22.0,17.0,2.4102750018073493e-08,-69.32765531539917,8.935437563195592e-07,498,4000.0,1000.0
23.0,17.0,2.4102750018073493e-08,-69.39521360397339,1.5903400196748407e-07,499,4000.0,1000.0
24.0,17.0,2.4102750018073493e-08,-69.39029359817505,9.001217904369696e-07,500,4000.0,1000.0
0.0,18.0,2.2151511075207964e-05,-61.88821053504944,2.7112891984870657e-05,501,4000.0,1000.0
1.0,18.0,4.567539690469857e-06,-67.54849767684937,4.567539690469857e-06,502,4000.0,1000.0
2.0,18.0,1.0287498071193113e-06,-69.03783845901489,1.0287498071193113e-06,503,4000.0,1000.0
3.0,18.0,4.898109864370781e-07,-69.34896564483643,4.898109864370781e-07,504,4000.0,1000.0
4.0,18.0,1.4037989615189872e-07,-69.41951322555542,1.4037989615189872e-07,505,4000.0,1000.0
5.0,18.0,7.12521597279192e-08,-69.44561958312988,7.12521597279192e-08,506,4000.0,1000.0
6.0,18.0,4.391953467575149e-08,-69.45391178131104,4.391953467575149e-08,507,4000.0,1000.0
7.0,18.0,3.93532495479576e-08,-69.45666408538818,4.295576871982121e-08,508,4000.0,1000.0
8.0,18.0,3.31287317578699e-08,-69.45777797698975,3.761527977985679e-08,509,4000.0,1000.0
9.0,18.0,3.298682571539757e-08,-69.45569467544556,1.065583390413849e-07,510,4000.0,1000.0
10.0,18.0,3.235883738739176e-08,-69.41755723953247,4.7097290689634974e-07,511,4000.0,1000.0
11.0,18.0,3.1782509068989384e-08,-69.32318592071533,9.836112440098077e-07,512,4000.0,1000.0
12.0,18.0,3.073424537092251e-08,-69.41760444641113,1.3428672218651627e-07,513,4000.0,1000.0
13.0,18.0,3.023227534981743e-08,-69.44716358184814,7.591756912006531e-08,514,4000.0,1000.0
14.0,18.0,2.7715977068965003e-08,-69.45502471923828,6.907938399081104e-08,515,4000.0,1000.0
15.0,18.0,2.5008775494939073e-08,-69.4507064819336,1.7916224237524148e-07,516,4000.0,1000.0
16.0,18.0,2.3873385046613294e-08,-69.3130693435669,2.576216957095312e-06,517,4000.0,1000.0
17.0,18.0,2.3873385046613294e-08,-69.30875015258789,3.59774020353143e-07,518,4000.0,1000.0
18.0,18.0,2.3873385046613294e-08,-69.38419246673584,7.034976761133294e-07,519,4000.0,1000.0
19.0,18.0,2.3873385046613294e-08,-69.42590522766113,1.3211592886364087e-07,520,4000.0,1000.0
20.0,18.0,2.3873385046613294e-08,-69.42619323730469,1.3352216683415463e-06,521,4000.0,1000.0
21.0,18.0,2.3873385046613294e-08,-69.25621700286865,8.316675916830718e-07,522,4000.0,1000.0
0.0,19.0,2.270024924655445e-05,-59.5562207698822,4.529660509433597e-05,523,4000.0,1000.0
1.0,19.0,8.064983376243617e-06,-66.34514164924622,8.064983376243617e-06,524,4000.0,1000.0
2.0,19.0,2.34161007028888e-06,-68.75158929824829,2.3545392195956083e-06,525,4000.0,1000.0
3.0,19.0,4.843683427679935e-07,-69.28896617889404,4.843683427679935e-07,526,4000.0,1000.0
4.0,19.0,2.003938419647966e-07,-69.40486812591553,2.0146930523878837e-07,527,4000.0,1000.0
5.0,19.0,1.0091748947615997e-07,-69.4382734298706,1.0091748947615997e-07,528,4000.0,1000.0
6.0,19.0,7.803895840652331e-08,-69.4474549293518,7.803895840652331e-08,529,4000.0,1000.0
7.0,19.0,4.2536882460808556e-08,-69.45353698730469,4.2754667362032706e-08,530,4000.0,1000.0
8.0,19.0,3.8712780536798164e-08,-69.4569673538208,4.255944219266894e-08,531,4000.0,1000.0
9.0,19.0,3.776456125592631e-08,-69.4579086303711,4.971815670273827e-08,532,4000.0,1000.0
10.0,19.0,3.3869138604814e-08,-69.45795440673828,5.555479631880189e-08,533,4000.0,1000.0
11.0,19.0,2.990118730394897e-08,-69.42178678512573,4.769246970681706e-07,534,4000.0,1000.0
12.0,19.0,2.9188363726007083e-08,-69.44739818572998,6.97219775247504e-08,535,4000.0,1000.0
13.0,19.0,2.9188363726007083e-08,-69.42946815490723,1.2463356142689008e-06,536,4000.0,1000.0
14.0,19.0,2.7287955006727316e-08,-69.28607749938965,3.122446230463538e-07,537,4000.0,1000.0
15.0,19.0,2.7287955006727316e-08,-69.43518781661987,1.891586691726843e-07,538,4000.0,1000.0
16.0,19.0,2.6105348993610278e-08,-69.38154363632202,1.9970353548615094e-07,539,4000.0,1000.0
17.0,19.0,2.5037429907115438e-08,-69.42423486709595,1.0198757394164204e-07,540,4000.0,1000.0
18.0,19.0,2.4897884642882673e-08,-69.37064409255981,1.7396761222698842e-06,541,4000.0,1000.0
19.0,19.0,2.4113665730851608e-08,-69.3662486076355,1.3691033018403687e-07,542,4000.0,1000.0
20.0,19.0,2.3823623962471174e-08,-69.37094068527222,1.2526382988653495e-06,543,4000.0,1000.0
21.0,19.0,2.3823623962471174e-08,-69.33669710159302,4.419575816427823e-07,544,4000.0,1000.0
22.0,19.0,2.3823623962471174e-08,-69.26018571853638,1.4254505913413595e-06,545,4000.0,1000.0
23.0,19.0,2.3823623962471174e-08,-69.30485439300537,3.476267522728449e-07,546,4000.0,1000.0
24.0,19.0,2.3823623962471174e-08,-69.33747482299805,1.5073613894855953e-06,547,4000.0,1000.0
25.0,19.0,2.31061889621742e-08,-69.33656120300293,4.755939642109297e-07,548,4000.0,1000.0
26.0,19.0,2.31061889621742e-08,-69.41451740264893,2.589539178643463e-07,549,4000.0,1000.0
27.0,19.0,2.31061889621742e-08,-69.3957166671753,5.50675792965194e-07,550,4000.0,1000.0
28.0,19.0,2.31061889621742e-08,-69.4127607345581,3.048664325433492e-07,551,4000.0,1000.0
29.0,19.0,2.21859561833071e-08,-69.22013521194458,9.220956371791544e-07,552,4000.0,1000.0
30.0,19.0,2.21859561833071e-08,-69.3559923171997,7.56586587158381e-07,553,4000.0,1000.0
31.0,19.0,2.21859561833071e-08,-69.362380027771,4.2547554812699673e-07,554,4000.0,1000.0
32.0,19.0,2.21859561833071e-08,-69.39559936523438,8.342861974597326e-07,555,4000.0,1000.0
33.0,19.0,2.21859561833071e-08,-69.29375743865967,1.8268659687237232e-06,556,4000.0,1000.0
34.0,19.0,2.1934916105692537e-08,-69.27190780639648,9.342261364508886e-07,557,4000.0,1000.0
35.0,19.0,2.1934916105692537e-08,-69.21741771697998,2.559373569965828e-06,558,4000.0,1000.0
36.0,19.0,2.108444441262236e-08,-69.2625470161438,7.823311989341164e-07,559,4000.0,1000.0
37.0,19.0,2.108444441262236e-08,-69.34425592422485,5.293248364068859e-07,560,4000.0,1000.0
38.0,19.0,2.108444441262236e-08,-69.389151096344,8.764577614783775e-07,561,4000.0,1000.0
39.0,19.0,2.108444441262236e-08,-69.33978509902954,6.069257096896763e-07,562,4000.0,1000.0
40.0,19.0,2.108444441262236e-08,-69.38698434829712,1.1356338518453413e-06,563,4000.0,1000.0
41.0,19.0,2.108444441262236e-08,-69.22210359573364,1.73749629084341e-06,564,4000.0,1000.0
0.0,20.0,2.5375347831868567e-05,-55.4221396446228,4.529784564510919e-05,565,4000.0,1000.0
1.0,20.0,7.390814971586224e-06,-66.1728515625,8.347175935341511e-06,566,4000.0,1000.0
2.0,20.0,1.7989325442613335e-06,-68.71243095397949,1.7989325442613335e-06,567,4000.0,1000.0
3.0,20.0,4.4585414116227184e-07,-69.28896903991699,4.4585414116227184e-07,568,4000.0,1000.0
4.0,20.0,1.5147227827583265e-07,-69.415696144104,1.5147227827583265e-07,569,4000.0,1000.0
5.0,20.0,6.94821977731408e-08,-69.44443035125732,6.94821977731408e-08,570,4000.0,1000.0
6.0,20.0,5.2432628905307865e-08,-69.45223903656006,6.210819947227719e-08,571,4000.0,1000.0
7.0,20.0,4.897425753824791e-08,-69.45459270477295,5.058886642927973e-08,572,4000.0,1000.0
8.0,20.0,3.8565396209833125e-08,-69.45831823348999,3.972342454972022e-08,573,4000.0,1000.0
9.0,20.0,3.328046460637779e-08,-69.45957660675049,3.6514204992954546e-08,574,4000.0,1000.0
10.0,20.0,3.160546313552004e-08,-69.46051216125488,3.2301130659107e-08,575,4000.0,1000.0
11.0,20.0,2.8288999587289254e-08,-69.46144247055054,3.269934722993639e-08,576,4000.0,1000.0
12.0,20.0,2.5836211392515906e-08,-69.46209192276001,3.067343357088248e-08,577,4000.0,1000.0
13.0,20.0,2.4976365864404215e-08,-69.46301174163818,3.0151902308261924e-08,578,4000.0,1000.0
14.0,20.0,2.427140977090403e-08,-69.46335887908936,3.0628811487076746e-08,579,4000.0,1000.0
15.0,20.0,2.2266023691486225e-08,-69.46418809890747,2.4280890187355908e-08,580,4000.0,1000.0
16.0,20.0,2.1079456402617325e-08,-69.46435213088989,2.6515401430060592e-08,581,4000.0,1000.0
17.0,20.0,2.1079456402617325e-08,-69.4620213508606,6.275638497754699e-08,582,4000.0,1000.0
18.0,20.0,2.1079456402617325e-08,-69.46089363098145,6.026812116033398e-08,583,4000.0,1000.0
19.0,20.0,2.1079456402617325e-08,-69.44221591949463,4.2482315620873123e-07,584,4000.0,1000.0
20.0,20.0,2.0449498094876617e-08,-69.42532348632812,4.953835173182597e-07,585,4000.0,1000.0
21.0,20.0,2.0449498094876617e-08,-69.36884260177612,5.426181246548367e-07,586,4000.0,1000.0
22.0,20.0,1.972872709643525e-08,-69.42288494110107,2.627393769216724e-07,587,4000.0,1000.0
23.0,20.0,1.9269103646024632e-08,-69.43981170654297,3.9376365634780086e-07,588,4000.0,1000.0
24.0,20.0,1.828220064226116e-08,-69.37711763381958,4.0844628301783814e-07,589,4000.0,1000.0
25.0,20.0,1.828220064226116e-08,-69.43403100967407,5.765220407738525e-07,590,4000.0,1000.0
26.0,20.0,1.828220064226116e-08,-69.37103176116943,4.242263571541116e-07,591,4000.0,1000.0
27.0,20.0,1.828220064226116e-08,-69.4436731338501,2.2620862694111565e-07,592,4000.0,1000.0
28.0,20.0,1.828220064226116e-08,-69.19182109832764,7.471782055290532e-07,593,4000.0,1000.0
29.0,20.0,1.828220064226116e-08,-69.35188674926758,9.064228834176902e-07,594,4000.0,1000.0
0.0,21.0,1.7090260371332988e-05,-60.882039308547974,1.9365652406122535e-05,595,4000.0,1000.0
1.0,21.0,3.795151769736549e-06,-67.71007013320923,3.795151769736549e-06,596,4000.0,1000.0
2.0,21.0,1.3375439493756858e-06,-69.06895208358765,1.3375439493756858e-06,597,4000.0,1000.0
3.0,21.0,4.6235618356149644e-07,-69.3399167060852,4.6235618356149644e-07,598,4000.0,1000.0
4.0,21.0,2.0928516164531175e-07,-69.41343402862549,2.1498173907730234e-07,599,4000.0,1000.0
5.0,21.0,1.3362875961320242e-07,-69.44044733047485,1.3362875961320242e-07,600,4000.0,1000.0
6.0,21.0,6.13146511341256e-08,-69.45281457901001,6.205764435662786e-08,601,4000.0,1000.0
7.0,21.0,3.64824721543755e-08,-69.45903253555298,3.917405777542626e-08,602,4000.0,1000.0
8.0,21.0,2.914451080471281e-08,-69.46056175231934,3.1366720776304646e-08,603,4000.0,1000.0
9.0,21.0,2.5889912436127815e-08,-69.46212959289551,3.2218931522720595e-08,604,4000.0,1000.0
10.0,21.0,2.3657229064610874e-08,-69.46327114105225,2.791925979295229e-08,605,4000.0,1000.0
11.0,21.0,2.3413296190710753e-08,-69.46396923065186,2.9426761471995633e-08,606,4000.0,1000.0
12.0,21.0,2.1899696278637748e-08,-69.46436357498169,2.6856389112595025e-08,607,4000.0,1000.0
13.0,21.0,2.1538605565751823e-08,-69.46484804153442,3.286648464495556e-08,608,4000.0,1000.0
14.0,21.0,2.1307846154172694e-08,-69.46411085128784,3.453119390428583e-08,609,4000.0,1000.0
15.0,21.0,2.0246298859660783e-08,-69.4593186378479,2.5289963900831935e-07,610,4000.0,1000.0
16.0,21.0,1.8962602155170316e-08,-69.34826755523682,6.923683599779906e-07,611,4000.0,1000.0
17.0,21.0,1.8349837205278163e-08,-69.35536336898804,4.955330155098636e-07,612,4000.0,1000.0
18.0,21.0,1.8349837205278163e-08,-69.4257082939148,6.460971917476854e-07,613,4000.0,1000.0
19.0,21.0,1.8349837205278163e-08,-69.33736610412598,2.6134154040846624e-07,614,4000.0,1000.0
20.0,21.0,1.82169781481889e-08,-69.41241264343262,2.395424871792784e-07,615,4000.0,1000.0
21.0,21.0,1.82169781481889e-08,-69.44624996185303,1.8697123493893741e-07,616,4000.0,1000.0
22.0,21.0,1.82169781481889e-08,-69.38105058670044,2.6304411449018517e-07,617,4000.0,1000.0
23.0,21.0,1.82169781481889e-08,-69.40763521194458,2.799015135224181e-07,618,4000.0,1000.0
24.0,21.0,1.82169781481889e-08,-69.44652509689331,1.0692853180671591e-07,619,4000.0,1000.0
25.0,21.0,1.750723299664969e-08,-69.40819215774536,1.1383516493879142e-06,620,4000.0,1000.0
26.0,21.0,1.7078821912264175e-08,-69.37341499328613,2.610857166018832e-07,621,4000.0,1000.0
27.0,21.0,1.7078821912264175e-08,-69.34408473968506,1.5489043789784773e-06,622,4000.0,1000.0
28.0,21.0,1.7078821912264175e-08,-69.3291540145874,5.814332553200074e-07,623,4000.0,1000.0
29.0,21.0,1.7078821912264175e-08,-69.41237449645996,1.9432393116858293e-07,624,4000.0,1000.0
30.0,21.0,1.7078821912264175e-08,-69.44335174560547,1.107247982190529e-07,625,4000.0,1000.0
31.0,21.0,1.7078821912264175e-08,-69.43314027786255,7.077160830704088e-07,626,4000.0,1000.0
0.0,22.0,1.907787736854516e-05,-62.03351354598999,1.907787736854516e-05,627,4000.0,1000.0
1.0,22.0,4.460687250684714e-06,-67.85572719573975,4.460687250684714e-06,628,4000.0,1000.0
2.0,22.0,1.2361657582005137e-06,-69.04191398620605,1.2361657582005137e-06,629,4000.0,1000.0
3.0,22.0,4.257570935806143e-07,-69.34263610839844,4.257570935806143e-07,630,4000.0,1000.0
4.0,22.0,1.3993701486469945e-07,-69.427330493927,1.3993701486469945e-07,631,4000.0,1000.0
5.0,22.0,5.523752122371661e-08,-69.45031261444092,5.523752122371661e-08,632,4000.0,1000.0
6.0,22.0,3.3861944359614427e-08,-69.45969486236572,3.3861944359614427e-08,633,4000.0,1000.0
7.0,22.0,2.59629988619281e-08,-69.46207523345947,2.6384505247278867e-08,634,4000.0,1000.0
8.0,22.0,2.341822202822641e-08,-69.46395778656006,2.6928182350616225e-08,635,4000.0,1000.0
9.0,22.0,1.934380833290561e-08,-69.46447944641113,2.45119320396725e-08,636,4000.0,1000.0
10.0,22.0,1.9182790467198174e-08,-69.4645767211914,3.0035206322054364e-08,637,4000.0,1000.0
11.0,22.0,1.913535108144515e-08,-69.46012544631958,2.5272967718592554e-07,638,4000.0,1000.0
12.0,22.0,1.8746126428936805e-08,-69.4030065536499,9.151139579444134e-08,639,4000.0,1000.0
13.0,22.0,1.8482669617014835e-08,-69.4444169998169,2.4350910621251387e-07,640,4000.0,1000.0
14.0,22.0,1.728361631592179e-08,-69.45105218887329,8.611159785232303e-08,641,4000.0,1000.0
15.0,22.0,1.728361631592179e-08,-69.39555549621582,2.075835965342776e-07,642,4000.0,1000.0
16.0,22.0,1.728361631592179e-08,-69.42366456985474,1.069651176521802e-07,643,4000.0,1000.0
17.0,22.0,1.7218360071069583e-08,-69.44868803024292,2.3413483063450258e-07,644,4000.0,1000.0
18.0,22.0,1.7218360071069583e-08,-69.43089532852173,8.02561572754712e-08,645,4000.0,1000.0
19.0,22.0,1.7218360071069583e-08,-69.4545578956604,9.381667354091405e-08,646,4000.0,1000.0
20.0,22.0,1.7218360071069583e-08,-69.40729236602783,6.796395268793276e-07,647,4000.0,1000.0
21.0,22.0,1.7111617012233182e-08,-69.37926244735718,1.9094315462098166e-07,648,4000.0,1000.0
22.0,22.0,1.7111617012233182e-08,-69.41213321685791,5.158502176527691e-07,649,4000.0,1000.0
23.0,22.0,1.7111617012233182e-08,-69.31892251968384,3.1847332593315514e-07,650,4000.0,1000.0
24.0,22.0,1.7111617012233182e-08,-69.4206109046936,1.651304302185963e-07,651,4000.0,1000.0
25.0,22.0,1.69249663173332e-08,-69.40393447875977,4.917462206321943e-07,652,4000.0,1000.0
26.0,22.0,1.69249663173332e-08,-69.34753704071045,5.675307193087065e-07,653,4000.0,1000.0
27.0,22.0,1.69249663173332e-08,-69.3521056175232,6.465818955803115e-07,654,4000.0,1000.0
28.0,22.0,1.69249663173332e-08,-69.4055609703064,4.856854616264172e-07,655,4000.0,1000.0
29.0,22.0,1.69249663173332e-08,-69.40005540847778,1.8878833429880615e-07,656,4000.0,1000.0
30.0,22.0,1.69249663173332e-08,-69.43491792678833,5.642062319566321e-07,657,4000.0,1000.0
0.0,23.0,2.2414553313865326e-05,-60.811843156814575,3.155435842927545e-05,658,4000.0,1000.0
1.0,23.0,7.548807843704708e-06,-67.19425249099731,7.548807843704708e-06,659,4000.0,1000.0
2.0,23.0,1.670782694418449e-06,-68.90020561218262,1.670782694418449e-06,660,4000.0,1000.0
3.0,23.0,4.951982646161923e-07,-69.3002519607544,4.951982646161923e-07,661,4000.0,1000.0
4.0,23.0,1.9890093483354576e-07,-69.41264581680298,1.9890093483354576e-07,662,4000.0,1000.0
5.0,23.0,8.605476153888958e-08,-69.44652080535889,8.605476153888958e-08,663,4000.0,1000.0
6.0,23.0,5.911693179427857e-08,-69.45650863647461,6.169856447968414e-08,664,4000.0,1000.0
7.0,23.0,4.394164676568835e-08,-69.46010494232178,4.488426341708873e-08,665,4000.0,1000.0
8.0,23.0,3.899849332356098e-08,-69.46258115768433,4.8139458641571764e-08,666,4000.0,1000.0
9.0,23.0,3.5510979046193825e-08,-69.46251773834229,4.5985792951341864e-08,667,4000.0,1000.0
10.0,23.0,3.2613741041132016e-08,-69.46373558044434,3.655411262570851e-08,668,4000.0,1000.0
11.0,23.0,2.7629219800928695e-08,-69.46484327316284,3.301605744354674e-08,669,4000.0,1000.0
12.0,23.0,2.7101091149006606e-08,-69.46196269989014,1.7948853781035723e-07,670,4000.0,1000.0
13.0,23.0,2.50500971077372e-08,-69.42892169952393,5.297478011812018e-08,671,4000.0,1000.0
14.0,23.0,2.368727436419249e-08,-69.45330953598022,1.8941734936106513e-07,672,4000.0,1000.0
15.0,23.0,2.368727436419249e-08,-69.4158091545105,1.336833292953088e-07,673,4000.0,1000.0
16.0,23.0,2.2489194506647436e-08,-69.42993927001953,2.66515229441211e-07,674,4000.0,1000.0
17.0,23.0,2.215262995264311e-08,-69.34893703460693,8.558147328585619e-07,675,4000.0,1000.0
18.0,23.0,2.0429986591352645e-08,-69.38615560531616,4.979225991519343e-07,676,4000.0,1000.0
19.0,23.0,1.960821194302298e-08,-69.32135343551636,3.125770149381424e-07,677,4000.0,1000.0
20.0,23.0,1.960821194302298e-08,-69.40295076370239,2.2778814923185564e-07,678,4000.0,1000.0
21.0,23.0,1.960821194302298e-08,-69.41939353942871,4.0055610384115425e-07,679,4000.0,1000.0
22.0,23.0,1.9564708964026067e-08,-69.43293857574463,7.245392907861969e-07,680,4000.0,1000.0
23.0,23.0,1.9564708964026067e-08,-69.31408786773682,5.740203050663695e-07,681,4000.0,1000.0
24.0,23.0,1.9564708964026067e-08,-69.34634304046631,5.588012754742522e-07,682,4000.0,1000.0
25.0,23.0,1.931179127723226e-08,-69.42399215698242,2.889779580073082e-07,683,4000.0,1000.0
26.0,23.0,1.921064374243997e-08,-69.43015193939209,4.4471687488112366e-07,684,4000.0,1000.0
27.0,23.0,1.8796646017449348e-08,-69.37670373916626,6.316215035440109e-07,685,4000.0,1000.0
28.0,23.0,1.8796646017449348e-08,-69.41540813446045,1.8176473304265528e-07,686,4000.0,1000.0
29.0,23.0,1.8796646017449348e-08,-69.37420892715454,8.636606025902438e-07,687,4000.0,1000.0
30.0,23.0,1.8796646017449348e-08,-69.35174465179443,1.0904777809628285e-06,688,4000.0,1000.0
31.0,23.0,1.8796646017449348e-08,-69.3456130027771,2.150255369315346e-07,689,4000.0,1000.0
32.0,23.0,1.8796646017449348e-08,-69.41634893417358,5.564497769228183e-07,690,4000.0,1000.0
0.0,24.0,1.9760085706366226e-05,-60.5960214138031,2.1494508473551832e-05,691,4000.0,1000.0
1.0,24.0,5.422601134341676e-06,-67.33391857147217,5.422601134341676e-06,692,4000.0,1000.0
2.0,24.0,1.4709847846461344e-06,-68.88790512084961,1.6582258695052587e-06,693,4000.0,1000.0
3.0,24.0,7.164829298744735e-07,-69.2614016532898,7.164829298744735e-07,694,4000.0,1000.0
4.0,24.0,3.8471711150123156e-07,-69.39841842651367,4.284152055333834e-07,695,4000.0,1000.0
5.0,24.0,2.267173044856463e-07,-69.4117341041565,2.267173044856463e-07,696,4000.0,1000.0
6.0,24.0,8.777637816592687e-08,-69.44205045700073,8.925034222784234e-08,697,4000.0,1000.0
7.0,24.0,5.7763422489642835e-08,-69.45634365081787,6.375157113325258e-08,698,4000.0,1000.0
8.0,24.0,4.377526963139644e-08,-69.46063899993896,4.531862884959992e-08,699,4000.0,1000.0
9.0,24.0,3.441914486757014e-08,-69.46270513534546,4.247716134386792e-08,700,4000.0,1000.0
10.0,24.0,3.105471080289135e-08,-69.4642424583435,3.293840933338288e-08,701,4000.0,1000.0
11.0,24.0,2.81761991516305e-08,-69.46479082107544,3.28880638278406e-08,702,4000.0,1000.0
12.0,24.0,2.221507067190487e-08,-69.46552610397339,3.3093325413346975e-08,703,4000.0,1000.0
13.0,24.0,2.2049299275295198e-08,-69.4631667137146,9.238246434506436e-08,704,4000.0,1000.0
14.0,24.0,2.138794386041809e-08,-69.37371969223022,5.226822281656496e-07,705,4000.0,1000.0
15.0,24.0,1.955684858501172e-08,-69.4004693031311,6.325621484393196e-07,706,4000.0,1000.0
16.0,24.0,1.955684858501172e-08,-69.41771459579468,7.582742114209395e-07,707,4000.0,1000.0
17.0,24.0,1.955684858501172e-08,-69.23130941390991,7.40831239909312e-07,708,4000.0,1000.0
18.0,24.0,1.882693467791796e-08,-69.3866605758667,1.1642249120313863e-07,709,4000.0,1000.0
19.0,24.0,1.882693467791796e-08,-69.44539785385132,8.64815135059871e-08,710,4000.0,1000.0
20.0,24.0,1.6233238753216028e-08,-69.46089553833008,4.14738181575558e-08,711,4000.0,1000.0
21.0,24.0,1.6233238753216028e-08,-69.45765209197998,2.3050000663715764e-07,712,4000.0,1000.0
22.0,24.0,1.544014693877216e-08,-69.43938255310059,1.1185437642780016e-07,713,4000.0,1000.0
23.0,24.0,1.5248623697061703e-08,-69.44445323944092,2.5768775913093123e-07,714,4000.0,1000.0
24.0,24.0,1.5248623697061703e-08,-69.41750764846802,3.685545095777343e-07,715,4000.0,1000.0
25.0,24.0,1.5248623697061703e-08,-69.42929410934448,3.1210856832331046e-07,716,4000.0,1000.0
26.0,24.0,1.5248623697061703e-08,-69.34477138519287,8.275075629171624e-07,717,4000.0,1000.0
27.0,24.0,1.5248623697061703e-08,-69.40504932403564,1.4623600463892217e-07,718,4000.0,1000.0
28.0,24.0,1.5248623697061703e-08,-69.38466787338257,1.6738810018068762e-06,719,4000.0,1000.0
